PRAGMA foreign_keys=OFF;
BEGIN TRANSACTION;
CREATE TABLE item(item_id integer primary key not null, price integer, name text, year integer, inventory boolean, publisher_id integer, foreign key(publisher_id) references publisher(pub_id));
INSERT INTO "item" VALUES(1,104.97,'OCP: Oracle9i Certification Kit',2002,55,0);
INSERT INTO "item" VALUES(2,34.99,'SQL Server 2000 for Experienced DBA''s',2003,36,1);
INSERT INTO "item" VALUES(3,50,'The Data Warehouse Toolkit: The Complete Guide to Dimensional Modeling',2002,33,2);
INSERT INTO "item" VALUES(4,17.49,'How To Do Everything with Your Tablet PC',2003,19,1);
INSERT INTO "item" VALUES(5,49.95,'Data Mining: Practical Machine Learning Tools and Techniques with Java Implementations',1999,29,3);
INSERT INTO "item" VALUES(6,99,'Creating Documents with BusinessObjects 5.1',2002,2,4);
INSERT INTO "item" VALUES(7,38.49,'The Guru''s Guide to Transact-SQL',2000,2,5);
INSERT INTO "item" VALUES(8,69.99,'Access 2002 Developer''s Handbook Set',2001,33,0);
INSERT INTO "item" VALUES(9,38.49,'ColdFusion MX Web Application Construction Kit',2002,7,6);
INSERT INTO "item" VALUES(10,95,'Fundamentals of Database Systems ',1999,46,7);
INSERT INTO "item" VALUES(11,41.99,'Professional SQL Server 2000 Programming',2000,54,8);
INSERT INTO "item" VALUES(12,34.99,'MySQL',2003,40,7);
INSERT INTO "item" VALUES(13,16.07,'Cerulean Sins',2003,27,9);
INSERT INTO "item" VALUES(14,14,'The Secret Life of Bees',2003,8,10);
INSERT INTO "item" VALUES(15,24.95,'Google Hacks',2003,40,11);
INSERT INTO "item" VALUES(16,18.95,'Investing in Fixer-Uppers : A Complete Guide to Buying Low, Fixing Smart, Adding Value, and Selling (or Renting) High',2003,61,12);
INSERT INTO "item" VALUES(17,13,'The Pianist',2003,28,13);
INSERT INTO "item" VALUES(18,25.95,'The Girl in the Red Coat: A Memoir',2002,52,14);
INSERT INTO "item" VALUES(19,3.44,'The Hours',2000,42,13);
INSERT INTO "item" VALUES(20,27.5,'Execution: The Discipline of Getting Things Done',2002,3,15);
INSERT INTO "item" VALUES(21,27.95,'The Jester',2003,8,16);
INSERT INTO "item" VALUES(22,25,'The Vanished Man: A Lincoln Rhyme Novel',2003,3,17);
INSERT INTO "item" VALUES(23,25.95,'Twelve Times Blessed',2003,41,18);
INSERT INTO "item" VALUES(24,13.2,'The Five Dysfunctions of a Team: A Leadership Fable',2002,22,19);
INSERT INTO "item" VALUES(25,26,'The Second Time Around',2003,41,17);
INSERT INTO "item" VALUES(26,12.99,'The Rescuer: The O''Malley Series',2003,9,20);
INSERT INTO "item" VALUES(27,13.95,'Bel Canto: A Novel',2002,51,21);
INSERT INTO "item" VALUES(28,6.99,'The Dark Highlander',2002,69,22);
INSERT INTO "item" VALUES(29,4.75,'Letters to Kelly',2003,75,23);
INSERT INTO "item" VALUES(30,27.95,'The Blank Slate: The Modern Denial of Human Nature',2002,22,24);
INSERT INTO "item" VALUES(31,26,'Linked: The New Science of Networks',2002,20,25);
INSERT INTO "item" VALUES(32,15,'Consilience: The Unity of Knowledge',1999,40,26);
INSERT INTO "item" VALUES(33,22,'The Future of Life',2002,64,27);
INSERT INTO "item" VALUES(34,44.95,'A New Kind of Science',2002,58,28);
INSERT INTO "item" VALUES(35,22,'ON FOOD AND COOKING',1997,44,29);
INSERT INTO "item" VALUES(36,40,'Building Construction Illustrated',2000,40,2);
INSERT INTO "item" VALUES(37,24.95,'A Field Guide to American Houses',1984,36,30);
INSERT INTO "item" VALUES(38,39.95,'Prefab',2002,73,31);
INSERT INTO "item" VALUES(39,60,'Cabins & Camps',2002,47,31);
INSERT INTO "item" VALUES(40,24.95,'The New City Home: Smart Solutions for Metro Living',2003,36,32);
INSERT INTO "item" VALUES(41,50,'Composers'' Houses',1998,55,33);
INSERT INTO "item" VALUES(42,50,'Color: Natural Palettes for Painted Rooms',1992,44,34);
INSERT INTO "item" VALUES(43,70,'Financial Modeling ',2000,45,35);
INSERT INTO "item" VALUES(44,122.5,'Financial Markets & Corporate Strategy',2001,55,36);
INSERT INTO "item" VALUES(45,79.2,'Analysis for Financial Management',2000,75,36);
INSERT INTO "item" VALUES(46,112.95,'Advanced Accounting',2001,61,37);
INSERT INTO "item" VALUES(47,139.2,'Intermediate Accounting',2001,67,2);
INSERT INTO "item" VALUES(48,126.67,'Financial Reporting and Analysis ',2001,45,38);
INSERT INTO "item" VALUES(49,24.95,'The Guardian',2003,59,39);
INSERT INTO "item" VALUES(50,26,'The Second Time Around',2003,66,17);
INSERT INTO "item" VALUES(51,25,'Cosmopolis: A Novel',2003,22,40);
INSERT INTO "item" VALUES(52,7.99,'Dreamcatcher',2003,17,41);
INSERT INTO "item" VALUES(53,19.95,'House of Leaves',2000,36,42);
INSERT INTO "item" VALUES(54,6.99,'The Vampire''s Violin',2003,4,43);
INSERT INTO "item" VALUES(55,17.47,'Lullaby: A Novel',2002,9,44);
INSERT INTO "item" VALUES(56,24.95,'Jinn: A Novel',2003,63,14);
INSERT INTO "item" VALUES(57,7.99,'Everything''s Eventual: 14 Dark Tales',2002,39,41);
INSERT INTO "item" VALUES(58,35,'Wolves of the Calla ',2003,33,45);
INSERT INTO "item" VALUES(59,7.99,'On Writing',2002,40,41);
INSERT INTO "item" VALUES(60,14,'White Noise ',1991,3,10);
INSERT INTO "item" VALUES(61,11.2,'The Names',1989,50,46);
INSERT INTO "item" VALUES(62,16,'UNDERWORLD: A NOVEL',1998,32,47);
INSERT INTO "item" VALUES(63,39.95,'Architecture: Form, Space, and Order',1996,62,2);
INSERT INTO "item" VALUES(64,39.95,'A Visual Dictionary of Architecture',1996,22,2);
INSERT INTO "item" VALUES(65,13,'The Magician''s Assistant',1998,19,48);
INSERT INTO "item" VALUES(66,13.95,'Patron Saint of Liars',2003,72,49);
INSERT INTO "item" VALUES(67,17.95,'How the Mind Works',1999,50,50);
INSERT INTO "item" VALUES(68,10.5,'The Language Instinct: How the Mind Creates Language',2000,3,21);
INSERT INTO "item" VALUES(69,15,'Words and Rules: The Ingredients of Language',2000,35,21);
INSERT INTO "item" VALUES(70,16.95,'The Diversity of Life',1999,18,50);
INSERT INTO "item" VALUES(71,18.95,'On Human Nature',1988,23,51);
INSERT INTO "item" VALUES(72,6.99,'A Walk to Remember',2000,51,39);
INSERT INTO "item" VALUES(73,12.95,'The Notebook',1999,61,39);
INSERT INTO "item" VALUES(74,7.5,'Message in a Bottle',1999,40,39);
INSERT INTO "item" VALUES(75,35,'Numerical Techniques in Finance',1989,51,35);
INSERT INTO "item" VALUES(76,74.95,'Econometric Analysis of Cross Section and Panel Data',2001,19,35);
INSERT INTO "item" VALUES(77,107.95,'Introductory Econometrics: A Modern Approach',2002,63,37);
INSERT INTO "item" VALUES(78,50,'Beyond Coso : Internal Control to Enhance Corporate Governance',2000,62,2);
INSERT INTO "item" VALUES(79,83,'Real World FPGA Design with Verilog',1999,22,52);
INSERT INTO "item" VALUES(80,39.95,'Ldap System Administration',2003,33,11);
INSERT INTO "item" VALUES(81,39.99,'The Photoshop Book for Digital Photographers',2003,60,53);
INSERT INTO "item" VALUES(82,39.99,'Photoshop 7 Down & Dirty Tricks',2002,65,53);
INSERT INTO "item" VALUES(83,29.99,'Mac OS X v. 10.2 Jaguar Killer Tips',2002,50,53);
INSERT INTO "item" VALUES(84,34.95,'Persuasive Technology: Using Computers to Change What We Think and Do',2002,2,3);
INSERT INTO "item" VALUES(85,59.99,'A+ Certification All-in-One Exam Guide',2002,68,1);
INSERT INTO "item" VALUES(86,14.95,'The Demon-Haunted World: Science As a Candle in the Dark',1997,58,54);
INSERT INTO "item" VALUES(87,35,'Cosmos',2002,57,26);
INSERT INTO "item" VALUES(88,6.99,'Broca''s Brain: Reflections on the Romance of Science',1993,4,54);
INSERT INTO "item" VALUES(89,7.99,'Contact',1997,58,41);
INSERT INTO "item" VALUES(90,12.95,'Pale Blue Dot: A Vision of the Human Future in Space',1997,30,54);
INSERT INTO "item" VALUES(91,21.95,'The Lovely Bones: A Novel',2002,23,16);
INSERT INTO "item" VALUES(92,11.95,'Lucky: A Memoir',2002,70,55);
INSERT INTO "item" VALUES(93,14,'Atonement',2003,43,56);
INSERT INTO "item" VALUES(94,12,'Amsterdam',1999,4,56);
INSERT INTO "item" VALUES(95,14,'Black Dogs',1999,62,56);
INSERT INTO "item" VALUES(96,13,'Enduring Love',1999,14,56);
INSERT INTO "item" VALUES(97,25.95,'Birthright',2003,7,57);
INSERT INTO "item" VALUES(98,7.5,'Engaging The Enemy',2003,27,58);
INSERT INTO "item" VALUES(99,14.95,'Love By Design',2003,71,23);
INSERT INTO "item" VALUES(100,25.95,'Chesapeake Blue',2002,58,57);
INSERT INTO "item" VALUES(101,39.95,'The Complete Illustrated Guide to Furniture and Cabinet Construction',2001,NULL,32);
INSERT INTO "item" VALUES(102,19.95,'Choosing & Using Hand Tools',2002,NULL,59);
INSERT INTO "item" VALUES(103,19.95,'Building a Shed',2003,NULL,32);
INSERT INTO "item" VALUES(104,7.99,'Small Gods',1994,NULL,60);
INSERT INTO "item" VALUES(105,7.99,'Going Postal',2005,NULL,60);
INSERT INTO "item" VALUES(106,7.99,'Pyramids',2001,NULL,60);
INSERT INTO "item" VALUES(107,13.99,'The Color of Magic',2005,NULL,60);
INSERT INTO "item" VALUES(108,7.99,'Guards! Guards!',2001,NULL,60);
INSERT INTO "item" VALUES(109,7.99,'Unseen Academicals',2010,NULL,60);
INSERT INTO "item" VALUES(300,12.99,'Katie the Non-Contributor',1992,5,NULL);
INSERT INTO "item" VALUES(301,14.35,'Eileen Does Not Exist',2012,6,NULL);
INSERT INTO "item" VALUES(302,10,'Timeout Error',2010,3,NULL);
INSERT INTO "item" VALUES(303,9.99,'These are Not the Droids You''re Looking For',2002,13,NULL);
INSERT INTO "item" VALUES(304,8.78,'R2D2',1989,2,NULL);
INSERT INTO "item" VALUES(305,6.79,'C3PO',1999,8,NULL);
INSERT INTO "item" VALUES(306,13.52,'The Empire',1967,11,NULL);
INSERT INTO "item" VALUES(307,14.15,'Jedi',1986,6,NULL);
INSERT INTO "item" VALUES(308,9.99,'May the Force be with You',2015,9,NULL);
INSERT INTO "item" VALUES(309,12.45,'Han Solo',1998,4,NULL);
INSERT INTO "item" VALUES(310,20.95,'Chewbacca',2011,12,NULL);
INSERT INTO "item" VALUES(311,10.97,'Princess Leia',2001,3,NULL);
INSERT INTO "item" VALUES(312,12.59,'She''s Not Really a Princess Anymore',2004,5,NULL);
INSERT INTO "item" VALUES(313,13.69,'Ewoks are My Favorite',1989,2,NULL);
INSERT INTO "item" VALUES(314,11.5,'His Name is Wicket',1976,5,NULL);
INSERT INTO "item" VALUES(315,12.42,'Boba Fett',1958,3,NULL);
INSERT INTO "item" VALUES(316,18.47,'Jabba the Hut',2006,4,NULL);
INSERT INTO "item" VALUES(317,10.49,'Lando Calrission',1985,10,NULL);
INSERT INTO "item" VALUES(318,10,'Millenium Falcon',1990,6,NULL);
INSERT INTO "item" VALUES(319,10.99,'Death Star',1968,3,'');
CREATE TABLE book(isbn primary key not null, item_id integer not null, foreign key(item_id) references item(item_id));
INSERT INTO "book" VALUES('782140661.0',0);
INSERT INTO "book" VALUES('72227885',1);
INSERT INTO "book" VALUES('471200247',2);
INSERT INTO "book" VALUES('72227710',3);
INSERT INTO "book" VALUES('1558605525.0',4);
INSERT INTO "book" VALUES('972263608.0',5);
INSERT INTO "book" VALUES('201615762',6);
INSERT INTO "book" VALUES('782140114.0',7);
INSERT INTO "book" VALUES('321125169',8);
INSERT INTO "book" VALUES('805317554.0',9);
INSERT INTO "book" VALUES('1861004486.0',10);
INSERT INTO "book" VALUES('735712123.0',11);
INSERT INTO "book" VALUES('425188361',12);
INSERT INTO "book" VALUES('142001740',13);
INSERT INTO "book" VALUES('596004478.0',14);
INSERT INTO "book" VALUES('71414339',15);
INSERT INTO "book" VALUES('312311354',16);
INSERT INTO "book" VALUES('312287941',17);
INSERT INTO "book" VALUES('312243022',18);
INSERT INTO "book" VALUES('609610570.0',19);
INSERT INTO "book" VALUES('316602051',20);
INSERT INTO "book" VALUES('743222008.0',21);
INSERT INTO "book" VALUES('66214750',22);
INSERT INTO "book" VALUES('787960756.0',23);
INSERT INTO "book" VALUES('743206061.0',24);
INSERT INTO "book" VALUES('1590520734.0',25);
INSERT INTO "book" VALUES('60934417',26);
INSERT INTO "book" VALUES('440237556',27);
INSERT INTO "book" VALUES('373272839',28);
INSERT INTO "book" VALUES('670031518.0',29);
INSERT INTO "book" VALUES('738206679.0',30);
INSERT INTO "book" VALUES('067976867X',31);
INSERT INTO "book" VALUES('679450785.0',32);
INSERT INTO "book" VALUES('1579550088.0',33);
INSERT INTO "book" VALUES('684843285.0',34);
INSERT INTO "book" VALUES('471358983',35);
INSERT INTO "book" VALUES('394739698',36);
INSERT INTO "book" VALUES('1586851322.0',37);
INSERT INTO "book" VALUES('1586851357.0',38);
INSERT INTO "book" VALUES('156158648X',39);
INSERT INTO "book" VALUES('865659982.0',40);
INSERT INTO "book" VALUES('517576600',41);
INSERT INTO "book" VALUES('262024829',42);
INSERT INTO "book" VALUES('72294337',43);
INSERT INTO "book" VALUES('72315318',44);
INSERT INTO "book" VALUES('324107501',45);
INSERT INTO "book" VALUES('471363049',46);
INSERT INTO "book" VALUES('130323519',47);
INSERT INTO "book" VALUES('446527793',48);
INSERT INTO "book" VALUES('743244249.0',50);
INSERT INTO "book" VALUES('743467523.0',51);
INSERT INTO "book" VALUES('375703764',52);
INSERT INTO "book" VALUES('345452089',53);
INSERT INTO "book" VALUES('385504470',54);
INSERT INTO "book" VALUES('312276702',55);
INSERT INTO "book" VALUES('743457358.0',56);
INSERT INTO "book" VALUES('1880418568.0',57);
INSERT INTO "book" VALUES('743455967.0',58);
INSERT INTO "book" VALUES('140077022',59);
INSERT INTO "book" VALUES('679722955.0',60);
INSERT INTO "book" VALUES('684848155.0',61);
INSERT INTO "book" VALUES('471286168',62);
INSERT INTO "book" VALUES('471288217',63);
INSERT INTO "book" VALUES('156006219',64);
INSERT INTO "book" VALUES('60540753',65);
INSERT INTO "book" VALUES('393318486',66);
INSERT INTO "book" VALUES('60958332',67);
INSERT INTO "book" VALUES('60958405',68);
INSERT INTO "book" VALUES('393319407',69);
INSERT INTO "book" VALUES('067463442X',70);
INSERT INTO "book" VALUES('446608955',71);
INSERT INTO "book" VALUES('446676098',72);
INSERT INTO "book" VALUES('446606812',73);
INSERT INTO "book" VALUES('262521415',74);
INSERT INTO "book" VALUES('262232197',75);
INSERT INTO "book" VALUES('324113641',76);
INSERT INTO "book" VALUES('471391123',77);
INSERT INTO "book" VALUES('130998516',78);
INSERT INTO "book" VALUES('1565924916.0',79);
INSERT INTO "book" VALUES('735712360.0',80);
INSERT INTO "book" VALUES('735712379.0',81);
INSERT INTO "book" VALUES('735713170.0',82);
INSERT INTO "book" VALUES('1558606432.0',83);
INSERT INTO "book" VALUES('72222743',84);
INSERT INTO "book" VALUES('345409469',85);
INSERT INTO "book" VALUES('375508325',86);
INSERT INTO "book" VALUES('345336895',87);
INSERT INTO "book" VALUES('671004107.0',88);
INSERT INTO "book" VALUES('345376595',89);
INSERT INTO "book" VALUES('316666343',90);
INSERT INTO "book" VALUES('316096199',91);
INSERT INTO "book" VALUES('038572179X',92);
INSERT INTO "book" VALUES('385494246',93);
INSERT INTO "book" VALUES('385494327',94);
INSERT INTO "book" VALUES('385494149',95);
INSERT INTO "book" VALUES('399149848',96);
INSERT INTO "book" VALUES('373218192',97);
INSERT INTO "book" VALUES('373218257',98);
INSERT INTO "book" VALUES('399149392',99);
INSERT INTO "book" VALUES('1561584029.0',100);
INSERT INTO "book" VALUES('1579902944.0',101);
INSERT INTO "book" VALUES('1561586196.0',102);
INSERT INTO "book" VALUES('61092177',103);
INSERT INTO "book" VALUES('60502935',104);
INSERT INTO "book" VALUES('61020656',105);
INSERT INTO "book" VALUES('60855925',106);
INSERT INTO "book" VALUES('61020648',107);
INSERT INTO "book" VALUES('61161721',108);
CREATE TABLE author(person_id integer primary key not null, foreign key(person_id) references person(person_id));
INSERT INTO "author" VALUES(0);
INSERT INTO "author" VALUES(1);
INSERT INTO "author" VALUES(2);
INSERT INTO "author" VALUES(3);
INSERT INTO "author" VALUES(4);
INSERT INTO "author" VALUES(5);
INSERT INTO "author" VALUES(6);
INSERT INTO "author" VALUES(7);
INSERT INTO "author" VALUES(8);
INSERT INTO "author" VALUES(9);
INSERT INTO "author" VALUES(10);
INSERT INTO "author" VALUES(11);
INSERT INTO "author" VALUES(12);
INSERT INTO "author" VALUES(13);
INSERT INTO "author" VALUES(14);
INSERT INTO "author" VALUES(15);
INSERT INTO "author" VALUES(16);
INSERT INTO "author" VALUES(17);
INSERT INTO "author" VALUES(18);
INSERT INTO "author" VALUES(19);
INSERT INTO "author" VALUES(20);
INSERT INTO "author" VALUES(21);
INSERT INTO "author" VALUES(22);
INSERT INTO "author" VALUES(23);
INSERT INTO "author" VALUES(24);
INSERT INTO "author" VALUES(25);
INSERT INTO "author" VALUES(26);
INSERT INTO "author" VALUES(27);
INSERT INTO "author" VALUES(28);
INSERT INTO "author" VALUES(29);
INSERT INTO "author" VALUES(30);
INSERT INTO "author" VALUES(31);
INSERT INTO "author" VALUES(32);
INSERT INTO "author" VALUES(33);
INSERT INTO "author" VALUES(34);
INSERT INTO "author" VALUES(35);
INSERT INTO "author" VALUES(36);
INSERT INTO "author" VALUES(37);
INSERT INTO "author" VALUES(38);
INSERT INTO "author" VALUES(39);
INSERT INTO "author" VALUES(40);
INSERT INTO "author" VALUES(41);
INSERT INTO "author" VALUES(42);
INSERT INTO "author" VALUES(43);
INSERT INTO "author" VALUES(44);
INSERT INTO "author" VALUES(45);
INSERT INTO "author" VALUES(46);
INSERT INTO "author" VALUES(47);
INSERT INTO "author" VALUES(48);
INSERT INTO "author" VALUES(49);
INSERT INTO "author" VALUES(50);
INSERT INTO "author" VALUES(51);
INSERT INTO "author" VALUES(52);
INSERT INTO "author" VALUES(53);
INSERT INTO "author" VALUES(54);
INSERT INTO "author" VALUES(55);
INSERT INTO "author" VALUES(56);
INSERT INTO "author" VALUES(57);
INSERT INTO "author" VALUES(58);
INSERT INTO "author" VALUES(59);
INSERT INTO "author" VALUES(60);
INSERT INTO "author" VALUES(61);
INSERT INTO "author" VALUES(62);
INSERT INTO "author" VALUES(63);
INSERT INTO "author" VALUES(64);
INSERT INTO "author" VALUES(65);
INSERT INTO "author" VALUES(66);
INSERT INTO "author" VALUES(67);
INSERT INTO "author" VALUES(68);
INSERT INTO "author" VALUES(69);
INSERT INTO "author" VALUES(70);
INSERT INTO "author" VALUES(71);
INSERT INTO "author" VALUES(72);
INSERT INTO "author" VALUES(73);
INSERT INTO "author" VALUES(74);
INSERT INTO "author" VALUES(75);
INSERT INTO "author" VALUES(76);
INSERT INTO "author" VALUES(77);
INSERT INTO "author" VALUES(78);
INSERT INTO "author" VALUES(79);
INSERT INTO "author" VALUES(80);
INSERT INTO "author" VALUES(81);
INSERT INTO "author" VALUES(82);
INSERT INTO "author" VALUES(83);
INSERT INTO "author" VALUES(84);
INSERT INTO "author" VALUES(85);
INSERT INTO "author" VALUES(86);
INSERT INTO "author" VALUES(87);
INSERT INTO "author" VALUES(88);
INSERT INTO "author" VALUES(89);
INSERT INTO "author" VALUES(90);
INSERT INTO "author" VALUES(91);
INSERT INTO "author" VALUES(92);
INSERT INTO "author" VALUES(93);
INSERT INTO "author" VALUES(94);
INSERT INTO "author" VALUES(95);
INSERT INTO "author" VALUES(96);
INSERT INTO "author" VALUES(97);
INSERT INTO "author" VALUES(98);
INSERT INTO "author" VALUES(99);
INSERT INTO "author" VALUES(100);
CREATE TABLE publisher(pub_id integer primary key not null, name text, city_id integer, foreign key(city_id) references city(city_id));
INSERT INTO "publisher" VALUES(0,'Sybex',3);
INSERT INTO "publisher" VALUES(1,'McGraw-Hill Osborne Media',4);
INSERT INTO "publisher" VALUES(2,'John Wiley & Sons',5);
INSERT INTO "publisher" VALUES(3,'Morgan Kaufmann',10);
INSERT INTO "publisher" VALUES(4,'Schmidt Ink, Inc.',11);
INSERT INTO "publisher" VALUES(5,'Addison-Wesley Pub Co',12);
INSERT INTO "publisher" VALUES(6,'Macromedia Press',5);
INSERT INTO "publisher" VALUES(7,'Addison-Wesley Publishing',14);
INSERT INTO "publisher" VALUES(8,'Wrox Press Inc',19);
INSERT INTO "publisher" VALUES(9,'Berkley Pub Group',12);
INSERT INTO "publisher" VALUES(10,'Penguin USA',9);
INSERT INTO "publisher" VALUES(11,'O''Reilly & Associates',8);
INSERT INTO "publisher" VALUES(12,'McGraw-Hill Trade',13);
INSERT INTO "publisher" VALUES(13,'Picador',12);
INSERT INTO "publisher" VALUES(14,'St. Martin''s Press',7);
INSERT INTO "publisher" VALUES(15,'Crown Pub',9);
INSERT INTO "publisher" VALUES(16,'Little Brown & Company',11);
INSERT INTO "publisher" VALUES(17,'Simon & Schuster',6);
INSERT INTO "publisher" VALUES(18,'HarperCollins',18);
INSERT INTO "publisher" VALUES(19,'Jossey-Bass',19);
INSERT INTO "publisher" VALUES(20,'Multnomah Publishers Inc.',7);
INSERT INTO "publisher" VALUES(21,'Perennial',11);
INSERT INTO "publisher" VALUES(22,'Dell Pub Co',17);
INSERT INTO "publisher" VALUES(23,'Harlequin',19);
INSERT INTO "publisher" VALUES(24,'Viking Press',17);
INSERT INTO "publisher" VALUES(25,'Perseus Publishing',5);
INSERT INTO "publisher" VALUES(26,'Random House',5);
INSERT INTO "publisher" VALUES(27,'Knopf',1);
INSERT INTO "publisher" VALUES(28,'Wolfram Media, Inc.',20);
INSERT INTO "publisher" VALUES(29,'Fireside',6);
INSERT INTO "publisher" VALUES(30,'Random House Trade Paperbacks',17);
INSERT INTO "publisher" VALUES(31,'Gibbs Smith Publisher',1);
INSERT INTO "publisher" VALUES(32,'Taunton Pr',2);
INSERT INTO "publisher" VALUES(33,'Vendome Pr',8);
INSERT INTO "publisher" VALUES(34,'Clarkson N. Potter',17);
INSERT INTO "publisher" VALUES(35,'MIT Press',8);
INSERT INTO "publisher" VALUES(36,'McGraw-Hill/Irwin',11);
INSERT INTO "publisher" VALUES(37,'South-Western College Pub',9);
INSERT INTO "publisher" VALUES(38,'Prentice Hall',7);
INSERT INTO "publisher" VALUES(39,'Warner Books',9);
INSERT INTO "publisher" VALUES(40,'Scribner',8);
INSERT INTO "publisher" VALUES(41,'Pocket Books',1);
INSERT INTO "publisher" VALUES(42,'Pantheon Books',4);
INSERT INTO "publisher" VALUES(43,'Del Rey',15);
INSERT INTO "publisher" VALUES(44,'Doubleday',4);
INSERT INTO "publisher" VALUES(45,'Donald M. Grant Publisher, Inc.',6);
INSERT INTO "publisher" VALUES(46,'Vintage Books',9);
INSERT INTO "publisher" VALUES(47,'Scribner Paperback Fiction',10);
INSERT INTO "publisher" VALUES(48,'Harvest Books',9);
INSERT INTO "publisher" VALUES(49,'Harperperennial Library',19);
INSERT INTO "publisher" VALUES(50,'W.W. Norton & Company',16);
INSERT INTO "publisher" VALUES(51,'Harvard Univ Pr',6);
INSERT INTO "publisher" VALUES(52,'Prentice Hall PTR',11);
INSERT INTO "publisher" VALUES(53,'New Riders Publishing',2);
INSERT INTO "publisher" VALUES(54,'Ballantine Books',2);
INSERT INTO "publisher" VALUES(55,'Back Bay Books',11);
INSERT INTO "publisher" VALUES(56,'Anchor Books',1);
INSERT INTO "publisher" VALUES(57,'Putnam Pub Group',20);
INSERT INTO "publisher" VALUES(58,'Silhouette',7);
INSERT INTO "publisher" VALUES(59,'Lark Books',15);
INSERT INTO "publisher" VALUES(60,'Harper',5);
CREATE TABLE person(person_id integer primary key not null, first_name text, last_name text, city_id integer, foreign key(city_id) references city(city_id));
INSERT INTO "person" VALUES(0,'Chip','Dawes',NULL);
INSERT INTO "person" VALUES(1,'Biju','Thomas',NULL);
INSERT INTO "person" VALUES(2,'Doug','Stuns',NULL);
INSERT INTO "person" VALUES(3,'Matthew','Weishan',NULL);
INSERT INTO "person" VALUES(4,'Joseph','Johnson',NULL);
INSERT INTO "person" VALUES(5,'Brian','Knight',NULL);
INSERT INTO "person" VALUES(6,'Ralph','Kimball',NULL);
INSERT INTO "person" VALUES(7,'Margy','Ross',NULL);
INSERT INTO "person" VALUES(8,'Bill','Mann',NULL);
INSERT INTO "person" VALUES(9,'Ian','Witten',NULL);
INSERT INTO "person" VALUES(10,'Eibe','Frank',NULL);
INSERT INTO "person" VALUES(11,'Robert','Schmidt',NULL);
INSERT INTO "person" VALUES(12,'Ken','Henderson',NULL);
INSERT INTO "person" VALUES(13,'Paul','Litwin',NULL);
INSERT INTO "person" VALUES(14,'Ken','Getz',NULL);
INSERT INTO "person" VALUES(15,'Mike','Gunderloy',NULL);
INSERT INTO "person" VALUES(16,'Ben','Forta',NULL);
INSERT INTO "person" VALUES(17,'Nate','Weiss',NULL);
INSERT INTO "person" VALUES(18,'Leon','Chalnick',NULL);
INSERT INTO "person" VALUES(19,'Angela','Buraglia',NULL);
INSERT INTO "person" VALUES(20,'Ramez','Elmasri',NULL);
INSERT INTO "person" VALUES(21,'Shamkant','Navathe',NULL);
INSERT INTO "person" VALUES(22,'Rob','Vieira',NULL);
INSERT INTO "person" VALUES(23,'Paul','DuBois',NULL);
INSERT INTO "person" VALUES(24,'Laurell','Hamilton',NULL);
INSERT INTO "person" VALUES(25,'Sue','Kidd',NULL);
INSERT INTO "person" VALUES(26,'Tara','Calishain',NULL);
INSERT INTO "person" VALUES(27,'Rael','Dornfest',NULL);
INSERT INTO "person" VALUES(28,'Jay','Decima',NULL);
INSERT INTO "person" VALUES(29,'Wladyslaw','Szpilman',NULL);
INSERT INTO "person" VALUES(30,'Roma','Ligocka',NULL);
INSERT INTO "person" VALUES(31,'Michael','Cunningham',NULL);
INSERT INTO "person" VALUES(32,'Larry','Bossidy',NULL);
INSERT INTO "person" VALUES(33,'Ram','Charan',NULL);
INSERT INTO "person" VALUES(34,'Charles','Burck',NULL);
INSERT INTO "person" VALUES(35,'James','Patterson',NULL);
INSERT INTO "person" VALUES(36,'Andrew','Gross',NULL);
INSERT INTO "person" VALUES(37,'Jeffery','Deaver',NULL);
INSERT INTO "person" VALUES(38,'Jacquelyn','Mitchard',NULL);
INSERT INTO "person" VALUES(39,'Patrick','Lencioni',NULL);
INSERT INTO "person" VALUES(40,'Mary','Clark',NULL);
INSERT INTO "person" VALUES(41,'Dee','Henderson',NULL);
INSERT INTO "person" VALUES(42,'Ann','Patchett',NULL);
INSERT INTO "person" VALUES(43,'Karen','Moning',NULL);
INSERT INTO "person" VALUES(44,'Suzanne','Brockmann',NULL);
INSERT INTO "person" VALUES(45,'Steven','Pinker',NULL);
INSERT INTO "person" VALUES(46,'Albert-László','Barabási',NULL);
INSERT INTO "person" VALUES(47,'Edward','Wilson',NULL);
INSERT INTO "person" VALUES(48,'Stephen','Wolfram',NULL);
INSERT INTO "person" VALUES(49,'Harold','McGee',NULL);
INSERT INTO "person" VALUES(50,'Francis','K.',NULL);
INSERT INTO "person" VALUES(51,'Cassandra','Adams',NULL);
INSERT INTO "person" VALUES(52,'Virginia','McAlester',NULL);
INSERT INTO "person" VALUES(53,'Lee','McAlester',NULL);
INSERT INTO "person" VALUES(54,'Bryan','Burkhart',NULL);
INSERT INTO "person" VALUES(55,'Allison','Arieff',NULL);
INSERT INTO "person" VALUES(56,'Ralph','Kylloe',NULL);
INSERT INTO "person" VALUES(57,'Leslie','Clagett',NULL);
INSERT INTO "person" VALUES(58,'Gerard','Gefen',NULL);
INSERT INTO "person" VALUES(59,'Christine','Bastin',NULL);
INSERT INTO "person" VALUES(60,'Jacques','Evrard',NULL);
INSERT INTO "person" VALUES(61,'Donald','Kaufman',NULL);
INSERT INTO "person" VALUES(62,'Taffy','Dahl',NULL);
INSERT INTO "person" VALUES(63,'Laurel','Graeber',NULL);
INSERT INTO "person" VALUES(64,'Tina','Freeman',NULL);
INSERT INTO "person" VALUES(65,'Simon','Benjamin',NULL);
INSERT INTO "person" VALUES(66,'Mark','Grinblatt',NULL);
INSERT INTO "person" VALUES(67,'Sheridan','Titman',NULL);
INSERT INTO "person" VALUES(68,'Robert','Higgins',NULL);
INSERT INTO "person" VALUES(69,'Paul','Fischer',NULL);
INSERT INTO "person" VALUES(70,'William','Taylor',NULL);
INSERT INTO "person" VALUES(71,'Rita','Cheng',NULL);
INSERT INTO "person" VALUES(72,'Donald','Kieso',NULL);
INSERT INTO "person" VALUES(73,'Jerry','Weygandt',NULL);
INSERT INTO "person" VALUES(74,'Terry','Warfield',NULL);
INSERT INTO "person" VALUES(75,'Lawrence','Revsine',NULL);
INSERT INTO "person" VALUES(76,'Daniel','Collins',NULL);
INSERT INTO "person" VALUES(77,'W.','Johnson',NULL);
INSERT INTO "person" VALUES(78,'Nicholas','Sparks',NULL);
INSERT INTO "person" VALUES(79,'Don','DeLillo',NULL);
INSERT INTO "person" VALUES(80,'Stephen','King',NULL);
INSERT INTO "person" VALUES(81,'Mark','Danielewski',NULL);
INSERT INTO "person" VALUES(82,'Michael','Romkey',NULL);
INSERT INTO "person" VALUES(83,'Chuck','Palahniuk',NULL);
INSERT INTO "person" VALUES(84,'Matthew','Delaney',NULL);
INSERT INTO "person" VALUES(85,'Bernie','Wrightson',NULL);
INSERT INTO "person" VALUES(86,'Simon','Benninga',NULL);
INSERT INTO "person" VALUES(87,'Jeffrey','Wooldridge',NULL);
INSERT INTO "person" VALUES(88,'Steven','Root',NULL);
INSERT INTO "person" VALUES(89,'Ken','Coffman',NULL);
INSERT INTO "person" VALUES(90,'Gerald','Carter',NULL);
INSERT INTO "person" VALUES(91,'Scott','Kelby',NULL);
INSERT INTO "person" VALUES(92,'B.','Fogg',NULL);
INSERT INTO "person" VALUES(93,'Michael','Meyers',NULL);
INSERT INTO "person" VALUES(94,'Carl','Sagan',NULL);
INSERT INTO "person" VALUES(95,'Alice','Sebold',NULL);
INSERT INTO "person" VALUES(96,'Ian','McEwan',NULL);
INSERT INTO "person" VALUES(97,'Nora','Roberts',NULL);
INSERT INTO "person" VALUES(98,'Andy','Rae',NULL);
INSERT INTO "person" VALUES(99,'Joseph','Truini',NULL);
INSERT INTO "person" VALUES(100,'Terry','Pratchett',NULL);
INSERT INTO "person" VALUES(200,'Bob','Ross',1);
INSERT INTO "person" VALUES(201,'Jeff','Wilson',3);
INSERT INTO "person" VALUES(202,'Jerry','Seinfeld',5);
INSERT INTO "person" VALUES(203,'Grace','Wesner',19);
INSERT INTO "person" VALUES(204,'Megan','Thrush',11);
INSERT INTO "person" VALUES(205,'Meghan','Overturn',9);
INSERT INTO "person" VALUES(206,'Jenny','Bobert',10);
INSERT INTO "person" VALUES(207,'Isabel','Ringabell',5);
INSERT INTO "person" VALUES(208,'Brian','Toocool',4);
INSERT INTO "person" VALUES(209,'David','Edison',2);
INSERT INTO "person" VALUES(210,'Joe','Biden',1);
INSERT INTO "person" VALUES(211,'Sam','Lazaroff',6);
INSERT INTO "person" VALUES(212,'Jamie','Smith',7);
INSERT INTO "person" VALUES(213,'Tim','Landers',8);
INSERT INTO "person" VALUES(214,'Valerie','Valentine',12);
INSERT INTO "person" VALUES(215,'Veronica','Smearless',14);
INSERT INTO "person" VALUES(216,'Jessica','Wix',18);
INSERT INTO "person" VALUES(217,'Evan','Kozlearner',13);
INSERT INTO "person" VALUES(218,'Radio','Star',20);
INSERT INTO "person" VALUES(219,'Cupid','Spearow',4);
CREATE TABLE city(city_id integer primary key autoincrement not null, name text, country text);
INSERT INTO "city" VALUES(1,'Columbus','United States');
INSERT INTO "city" VALUES(2,'Las Vegas','United States');
INSERT INTO "city" VALUES(3,'Beijing','China');
INSERT INTO "city" VALUES(4,'Toronto','Canada');
INSERT INTO "city" VALUES(5,'New York','United States');
INSERT INTO "city" VALUES(6,'London','United Kingdom');
INSERT INTO "city" VALUES(7,'Paris','France');
INSERT INTO "city" VALUES(8,'Brussels','Belgium');
INSERT INTO "city" VALUES(9,'Amsterdam','Netherlands');
INSERT INTO "city" VALUES(10,'Shanghai','China');
INSERT INTO "city" VALUES(11,'Tokyo','Japan');
INSERT INTO "city" VALUES(12,'Dublin','Ireland');
INSERT INTO "city" VALUES(13,'Berlin','Germany');
INSERT INTO "city" VALUES(14,'Montreal','Canada');
INSERT INTO "city" VALUES(15,'Indianapolis','United States');
INSERT INTO "city" VALUES(16,'Cleveland','United States');
INSERT INTO "city" VALUES(17,'Mexico City','Mexico');
INSERT INTO "city" VALUES(18,'Houston','Texas');
INSERT INTO "city" VALUES(19,'Barcelona','Spain');
INSERT INTO "city" VALUES(20,'Madrid','Spain');
CREATE TABLE employee(person_id integer primary key not null, access_level integer, foreign key(person_id) references person(person_id));
CREATE TABLE c_order(order_number integer primary key not null);
INSERT INTO "c_order" VALUES(1);
INSERT INTO "c_order" VALUES(2);
INSERT INTO "c_order" VALUES(3);
INSERT INTO "c_order" VALUES(4);
INSERT INTO "c_order" VALUES(5);
INSERT INTO "c_order" VALUES(6);
INSERT INTO "c_order" VALUES(7);
INSERT INTO "c_order" VALUES(8);
INSERT INTO "c_order" VALUES(9);
INSERT INTO "c_order" VALUES(10);
INSERT INTO "c_order" VALUES(11);
INSERT INTO "c_order" VALUES(12);
INSERT INTO "c_order" VALUES(13);
INSERT INTO "c_order" VALUES(14);
INSERT INTO "c_order" VALUES(15);
INSERT INTO "c_order" VALUES(16);
INSERT INTO "c_order" VALUES(17);
INSERT INTO "c_order" VALUES(18);
INSERT INTO "c_order" VALUES(19);
INSERT INTO "c_order" VALUES(20);
CREATE TABLE customer(person_id integer primary key not null, email text, address text, phone_number text, credit_card integer, order_id integer, foreign key(order_id) references c_order(order_number), foreign key(person_id) references person(person_id));
INSERT INTO "customer" VALUES(200,'mynameisbob@gmail.com','13431 Bob Lane','(463) 445-1244',1234567890123450,1);
INSERT INTO "customer" VALUES(201,'whostilluses@aol.com','2 Behind the Times','(563) 567-1422',2345678901234560,2);
INSERT INTO "customer" VALUES(202,'hi@me.com','43 Pleasant Way','(679) 314-1235',3456789012345670,3);
INSERT INTO "customer" VALUES(203,'videokilledthe@radiostar.com','734 Youtube Court','(358) 123-1463',4567890123456780,4);
INSERT INTO "customer" VALUES(204,'breakfast@tiffanys.com','5678 Hepburn Road','(174) 125-1247',5678901234567890,5);
INSERT INTO "customer" VALUES(205,'panic@thedisco.com','123 Middle School Avenue','(125) 124-1967',6789012345678900,6);
INSERT INTO "customer" VALUES(206,'downtheh@ch.com','945 Wharf Lane','(762) 640-1234',7890123456789010,7);
INSERT INTO "customer" VALUES(207,'redsky@night.com','74 Sailor''s Delight Street','(465) 573-1274',8901234567890120,8);
INSERT INTO "customer" VALUES(208,'be@tles.com','26 Abbey Road','(582) 158-1429',9012345678901230,9);
INSERT INTO "customer" VALUES(209,'bite@me.com','5769 Vampire Way','(347) 124-1247',1098765432109870,10);
INSERT INTO "customer" VALUES(210,'leaveusalone@melbrooks.com','678 Robin Lane','(213) 123-1246',9876543210987650,11);
INSERT INTO "customer" VALUES(211,'cake@lie.com','846 Portal Parkway','(645) 142-1228',8765432109876540,12);
INSERT INTO "customer" VALUES(212,'raisinsarewhy@trustissues.org','438 Cookie Blvd.','(723) 235-5131',7654321098765430,13);
INSERT INTO "customer" VALUES(213,'goto@goto.goto','1 Infinite Loop','(134) 234-2314',6543210987654320,14);
INSERT INTO "customer" VALUES(214,'iamnotcreative@help.com','134 Why ','(253) 347-1248',5432109876543210,15);
INSERT INTO "customer" VALUES(215,'leaveamessage@thebeep.com','34 Talk That Way','(653) 589-9346',4321098765432109,16);
INSERT INTO "customer" VALUES(216,'mylifeisa@sit.com','85 Parks and Rec Road','(483) 434-2345',9876543234567898,17);
INSERT INTO "customer" VALUES(217,'letitgo@frozen.com','12 Arendelle Road','(538) 223-8822',3456789876532456,18);
INSERT INTO "customer" VALUES(218,'iforgotmypasswordagain@toomanyemails.com','789234 Unecessary Street','(475) 214-4392',4590987543223879,19);
INSERT INTO "customer" VALUES(219,'ihavethisfortwitter@gmail.com','45 Tweet Street','(934) 124-4589',8909876543234543,20);
CREATE TABLE written_by(author_id integer, book_id integer, primary key(author_id,book_id), foreign key(author_id) references author(person_id), foreign key(book_id) references book(isbn));
INSERT INTO "written_by" VALUES(0,782140661);
INSERT INTO "written_by" VALUES(1,'');
INSERT INTO "written_by" VALUES(2,'');
INSERT INTO "written_by" VALUES(3,'');
INSERT INTO "written_by" VALUES(4,'');
INSERT INTO "written_by" VALUES(5,72227885);
INSERT INTO "written_by" VALUES(6,471200247);
INSERT INTO "written_by" VALUES(7,'');
INSERT INTO "written_by" VALUES(8,72227710);
INSERT INTO "written_by" VALUES(9,1558605525);
INSERT INTO "written_by" VALUES(10,'');
INSERT INTO "written_by" VALUES(11,972263608);
INSERT INTO "written_by" VALUES(12,201615762);
INSERT INTO "written_by" VALUES(13,782140114);
INSERT INTO "written_by" VALUES(14,'');
INSERT INTO "written_by" VALUES(15,'');
INSERT INTO "written_by" VALUES(16,321125169);
INSERT INTO "written_by" VALUES(17,'');
INSERT INTO "written_by" VALUES(18,'');
INSERT INTO "written_by" VALUES(19,'');
INSERT INTO "written_by" VALUES(20,805317554);
INSERT INTO "written_by" VALUES(21,'');
INSERT INTO "written_by" VALUES(22,1861004486);
INSERT INTO "written_by" VALUES(23,735712123);
INSERT INTO "written_by" VALUES(24,425188361);
INSERT INTO "written_by" VALUES(25,142001740);
INSERT INTO "written_by" VALUES(26,596004478);
INSERT INTO "written_by" VALUES(27,'');
INSERT INTO "written_by" VALUES(28,71414339);
INSERT INTO "written_by" VALUES(29,312311354);
INSERT INTO "written_by" VALUES(30,312287941);
INSERT INTO "written_by" VALUES(31,312243022);
INSERT INTO "written_by" VALUES(32,609610570);
INSERT INTO "written_by" VALUES(33,'');
INSERT INTO "written_by" VALUES(34,'');
INSERT INTO "written_by" VALUES(35,316602051);
INSERT INTO "written_by" VALUES(36,'');
INSERT INTO "written_by" VALUES(37,743222008);
INSERT INTO "written_by" VALUES(38,66214750);
INSERT INTO "written_by" VALUES(39,787960756);
INSERT INTO "written_by" VALUES(40,743206061);
INSERT INTO "written_by" VALUES(41,1590520734);
INSERT INTO "written_by" VALUES(42,60934417);
INSERT INTO "written_by" VALUES(43,440237556);
INSERT INTO "written_by" VALUES(44,373272839);
INSERT INTO "written_by" VALUES(45,670031518);
INSERT INTO "written_by" VALUES(46,738206679);
INSERT INTO "written_by" VALUES(47,'067976867X');
INSERT INTO "written_by" VALUES('',679450785);
INSERT INTO "written_by" VALUES(48,1579550088);
INSERT INTO "written_by" VALUES(49,684843285);
INSERT INTO "written_by" VALUES(50,471358983);
INSERT INTO "written_by" VALUES(51,'');
INSERT INTO "written_by" VALUES(52,394739698);
INSERT INTO "written_by" VALUES(53,'');
INSERT INTO "written_by" VALUES(54,1586851322);
INSERT INTO "written_by" VALUES(55,'');
INSERT INTO "written_by" VALUES(56,1586851357);
INSERT INTO "written_by" VALUES(57,'156158648X');
INSERT INTO "written_by" VALUES(58,865659982);
INSERT INTO "written_by" VALUES(59,'');
INSERT INTO "written_by" VALUES(60,'');
INSERT INTO "written_by" VALUES(61,517576600);
INSERT INTO "written_by" VALUES(62,'');
INSERT INTO "written_by" VALUES(63,'');
INSERT INTO "written_by" VALUES(64,'');
INSERT INTO "written_by" VALUES(65,262024829);
INSERT INTO "written_by" VALUES(66,72294337);
INSERT INTO "written_by" VALUES(67,'');
INSERT INTO "written_by" VALUES(68,72315318);
INSERT INTO "written_by" VALUES(69,324107501);
INSERT INTO "written_by" VALUES(70,'');
INSERT INTO "written_by" VALUES(71,'');
INSERT INTO "written_by" VALUES(72,471363049);
INSERT INTO "written_by" VALUES(73,'');
INSERT INTO "written_by" VALUES(74,'');
INSERT INTO "written_by" VALUES(75,130323519);
INSERT INTO "written_by" VALUES(76,'');
INSERT INTO "written_by" VALUES(77,'');
INSERT INTO "written_by" VALUES(78,446527793);
INSERT INTO "written_by" VALUES('',743206061);
INSERT INTO "written_by" VALUES(79,743244249);
INSERT INTO "written_by" VALUES(80,743467523);
INSERT INTO "written_by" VALUES(81,375703764);
INSERT INTO "written_by" VALUES(82,345452089);
INSERT INTO "written_by" VALUES(83,385504470);
INSERT INTO "written_by" VALUES(84,312276702);
INSERT INTO "written_by" VALUES(80,743457358);
INSERT INTO "written_by" VALUES(80,1880418568);
INSERT INTO "written_by" VALUES(85,'');
INSERT INTO "written_by" VALUES('',743455967);
INSERT INTO "written_by" VALUES(79,140077022);
INSERT INTO "written_by" VALUES('',679722955);
INSERT INTO "written_by" VALUES('',684848155);
INSERT INTO "written_by" VALUES(50,471286168);
INSERT INTO "written_by" VALUES(50,471288217);
INSERT INTO "written_by" VALUES('',156006219);
INSERT INTO "written_by" VALUES('',60540753);
INSERT INTO "written_by" VALUES('',393318486);
INSERT INTO "written_by" VALUES('',60958332);
INSERT INTO "written_by" VALUES('',60958405);
INSERT INTO "written_by" VALUES('',393319407);
INSERT INTO "written_by" VALUES('','067463442X');
INSERT INTO "written_by" VALUES('',446608955);
INSERT INTO "written_by" VALUES('',446676098);
INSERT INTO "written_by" VALUES('',446606812);
INSERT INTO "written_by" VALUES(86,262521415);
INSERT INTO "written_by" VALUES(87,262232197);
INSERT INTO "written_by" VALUES('',324113641);
INSERT INTO "written_by" VALUES(88,471391123);
INSERT INTO "written_by" VALUES(89,130998516);
INSERT INTO "written_by" VALUES(90,1565924916);
INSERT INTO "written_by" VALUES(91,735712360);
INSERT INTO "written_by" VALUES('',735712379);
INSERT INTO "written_by" VALUES('',735713170);
INSERT INTO "written_by" VALUES(92,1558606432);
INSERT INTO "written_by" VALUES(93,72222743);
INSERT INTO "written_by" VALUES(94,345409469);
INSERT INTO "written_by" VALUES('',375508325);
INSERT INTO "written_by" VALUES('',345336895);
INSERT INTO "written_by" VALUES('',671004107);
INSERT INTO "written_by" VALUES('',345376595);
INSERT INTO "written_by" VALUES(95,316666343);
INSERT INTO "written_by" VALUES(95,316096199);
INSERT INTO "written_by" VALUES(96,'038572179X');
INSERT INTO "written_by" VALUES('',385494246);
INSERT INTO "written_by" VALUES('',385494327);
INSERT INTO "written_by" VALUES('',385494149);
INSERT INTO "written_by" VALUES(97,399149848);
INSERT INTO "written_by" VALUES('',373218192);
INSERT INTO "written_by" VALUES('',373218257);
INSERT INTO "written_by" VALUES('',399149392);
INSERT INTO "written_by" VALUES(98,1561584029);
INSERT INTO "written_by" VALUES('',1579902944);
INSERT INTO "written_by" VALUES(99,1561586196);
INSERT INTO "written_by" VALUES(100,61092177);
INSERT INTO "written_by" VALUES(100,60502935);
INSERT INTO "written_by" VALUES(100,61020656);
INSERT INTO "written_by" VALUES(100,60855925);
INSERT INTO "written_by" VALUES(100,61020648);
INSERT INTO "written_by" VALUES(100,61161721);
CREATE TABLE magazine(issn integer, pub_date date, item_id integer, primary key(issn,pub_date), foreign key(item_id) references item(item_id));
INSERT INTO "magazine" VALUES(12345678,'1992-03-14',300);
INSERT INTO "magazine" VALUES(23456789,'1990-07-04',301);
INSERT INTO "magazine" VALUES(34567890,'1989-07-02',302);
INSERT INTO "magazine" VALUES(45678901,'2002-06-24',303);
INSERT INTO "magazine" VALUES(56789012,'1978-06-11',304);
INSERT INTO "magazine" VALUES(67890123,'1999-06-21',305);
INSERT INTO "magazine" VALUES(78901234,'1997-05-20',306);
INSERT INTO "magazine" VALUES(89012345,'1986-06-08',307);
INSERT INTO "magazine" VALUES(90123456,'1945-07-07',308);
INSERT INTO "magazine" VALUES(98765432,'2014-06-20',309);
INSERT INTO "magazine" VALUES(87654321,'1991-07-03',310);
INSERT INTO "magazine" VALUES(76543210,'2001-06-23',311);
INSERT INTO "magazine" VALUES(65432109,'2004-06-26',312);
INSERT INTO "magazine" VALUES(54321098,'1989-06-11',313);
INSERT INTO "magazine" VALUES(43210987,'1976-05-29',314);
INSERT INTO "magazine" VALUES(32109876,'1958-05-11',315);
INSERT INTO "magazine" VALUES(21098765,'2006-06-28',316);
INSERT INTO "magazine" VALUES(10987654,'1985-06-07',317);
INSERT INTO "magazine" VALUES(57483954,'1990-06-12',318);
INSERT INTO "magazine" VALUES(65434566,'1968-05-21',319);
CREATE TABLE contains(order_id integer, item_id integer, primary key(order_id,item_id), foreign key(order_id) references c_order(order_number), foreign key(item_id) references item(item_id));
INSERT INTO "contains" VALUES(1,105);
INSERT INTO "contains" VALUES(1,109);
INSERT INTO "contains" VALUES(2,312);
INSERT INTO "contains" VALUES(2,313);
INSERT INTO "contains" VALUES(2,314);
INSERT INTO "contains" VALUES(3,106);
INSERT INTO "contains" VALUES(4,107);
INSERT INTO "contains" VALUES(4,109);
INSERT INTO "contains" VALUES(4,319);
INSERT INTO "contains" VALUES(4,312);
INSERT INTO "contains" VALUES(5,20);
INSERT INTO "contains" VALUES(5,13);
INSERT INTO "contains" VALUES(5,99);
INSERT INTO "contains" VALUES(6,100);
INSERT INTO "contains" VALUES(7,101);
INSERT INTO "contains" VALUES(7,316);
INSERT INTO "contains" VALUES(7,318);
INSERT INTO "contains" VALUES(20,319);
INSERT INTO "contains" VALUES(19,42);
INSERT INTO "contains" VALUES(18,39);
CREATE TABLE review(review_id integer primary key autoincrement not null, rating integer, body text, item_id integer, reviewer_id integer, foreign key(item_id) references item(item_id), foreign key(reviewer_id) references customer(person_id));
INSERT INTO "review" VALUES(1,10,'It was great',300,200);
INSERT INTO "review" VALUES(2,6,'It was ok',1,202);
INSERT INTO "review" VALUES(3,7,'It was slightly better than ok',2,204);
INSERT INTO "review" VALUES(4,4,'It was bad',4,205);
INSERT INTO "review" VALUES(5,2,'It was really bad',301,219);
INSERT INTO "review" VALUES(6,3,'It was pretty bad',302,213);
INSERT INTO "review" VALUES(7,5,'It was so-so',303,214);
INSERT INTO "review" VALUES(8,9,'It was just about great',5,219);
INSERT INTO "review" VALUES(9,8,'It was good',6,210);
INSERT INTO "review" VALUES(10,10,'It was great',8,201);
INSERT INTO "review" VALUES(11,6,'It was ok',301,200);
INSERT INTO "review" VALUES(12,4,'It was bad',313,205);
INSERT INTO "review" VALUES(13,6,'It was ok',316,206);
INSERT INTO "review" VALUES(14,9,'It was just about great',319,208);
INSERT INTO "review" VALUES(15,7,'It was slightly better than ok',316,208);
INSERT INTO "review" VALUES(16,6,'It was ok',317,216);
INSERT INTO "review" VALUES(17,5,'It was so-so',318,218);
INSERT INTO "review" VALUES(18,5,'It was so-so',302,207);
INSERT INTO "review" VALUES(19,6,'It was ok',303,204);
INSERT INTO "review" VALUES(20,7,'It was slightly better than ok',306,200);
CREATE TABLE purchased_by(date_of_purchase date, customer_id integer, item_id integer, primary key(date_of_purchase, customer_id,item_id), foreign key(customer_id) references customer(person_id), foreign key(item_id) references item(item_id));
INSERT INTO "purchased_by" VALUES('2013-04-05',200,300);
INSERT INTO "purchased_by" VALUES('2013-04-05',200,301);
INSERT INTO "purchased_by" VALUES('2013-04-05',200,302);
INSERT INTO "purchased_by" VALUES('2014-05-06',201,303);
INSERT INTO "purchased_by" VALUES('2015-07-14',202,303);
INSERT INTO "purchased_by" VALUES('2014-04-07',213,304);
INSERT INTO "purchased_by" VALUES('2014-05-12',214,306);
INSERT INTO "purchased_by" VALUES('2015-06-14',215,308);
INSERT INTO "purchased_by" VALUES('2015-06-14',215,310);
INSERT INTO "purchased_by" VALUES('2015-06-14',215,314);
INSERT INTO "purchased_by" VALUES('2015-06-14',215,317);
INSERT INTO "purchased_by" VALUES('2015-06-14',215,318);
INSERT INTO "purchased_by" VALUES('2015-11-04',216,303);
INSERT INTO "purchased_by" VALUES('2013-12-25',218,305);
INSERT INTO "purchased_by" VALUES('2014-03-16',219,304);
INSERT INTO "purchased_by" VALUES('2014-02-14',219,301);
INSERT INTO "purchased_by" VALUES('2014-05-16',216,301);
INSERT INTO "purchased_by" VALUES('2013-07-18',215,304);
INSERT INTO "purchased_by" VALUES('2015-08-24',214,306);
INSERT INTO "purchased_by" VALUES('2013-11-02',217,307);
INSERT INTO "purchased_by" VALUES('2015-11-03',218,103);
INSERT INTO "purchased_by" VALUES('2014-05-03',212,106);
INSERT INTO "purchased_by" VALUES('2015-07-04',214,108);
INSERT INTO "purchased_by" VALUES('2015-11-15',216,26);
INSERT INTO "purchased_by" VALUES('2015-11-14',217,35);
INSERT INTO "purchased_by" VALUES('2014-10-24',219,47);
INSERT INTO "purchased_by" VALUES('2013-08-15',202,59);
INSERT INTO "purchased_by" VALUES('2014-09-15',202,67);
INSERT INTO "purchased_by" VALUES('2014-10-09',202,68);
INSERT INTO "purchased_by" VALUES('2015-04-15',202,99);
DELETE FROM sqlite_sequence;
INSERT INTO "sqlite_sequence" VALUES('city',20);
INSERT INTO "sqlite_sequence" VALUES('review',20);
COMMIT;
